{"cameraMode":{"drawMode":0,"name":"Shaded","section":"Shading Mode"},"sceneLighting":true,"audioPlay":false,"sceneViewState":{"showFog":true,"showMaterialUpdate":false,"showSkybox":true,"showFlares":true,"showImageEffects":true,"showParticleSystems":true},"in2DMode":false,"pivot":{"x":0.07516860961914063,"y":4.242852210998535,"z":-3.1921510696411135},"rotation":{"x":0.33259862661361697,"y":-0.12091581523418427,"z":0.04304470866918564,"w":0.9342952370643616},"size":7.051808834075928,"orthographic":false}